{"stats":{"minecraft:used":{"minecraft:dirt":6},"minecraft:mined":{"minecraft:grass":1,"minecraft:grass_block":7},"minecraft:custom":{"minecraft:jump":47,"minecraft:leave_game":1,"minecraft:time_since_rest":310,"minecraft:deaths":1,"minecraft:damage_dealt":107,"minecraft:crouch_one_cm":201,"minecraft:sprint_one_cm":2285,"minecraft:play_time":2231,"minecraft:damage_taken":261,"minecraft:time_since_death":286,"minecraft:walk_one_cm":4235,"minecraft:sneak_time":60,"minecraft:total_world_time":2231,"minecraft:fall_one_cm":1485,"minecraft:fly_one_cm":4047},"minecraft:killed_by":{"minecraft:player":1},"minecraft:picked_up":{"minecraft:dirt":6}},"DataVersion":3465}