{"stats":{"minecraft:custom":{"minecraft:time_since_rest":1435,"minecraft:deaths":1,"minecraft:crouch_one_cm":696,"minecraft:play_time":6810,"minecraft:sprint_one_cm":6181,"minecraft:damage_taken":260,"minecraft:walk_one_cm":6008,"minecraft:sneak_time":244,"minecraft:jump":65,"minecraft:damage_dealt":123,"minecraft:leave_game":1,"minecraft:time_since_death":1398,"minecraft:total_world_time":6810,"minecraft:fall_one_cm":3956,"minecraft:fly_one_cm":26069},"minecraft:crafted":{"minecraft:jungle_planks":36},"minecraft:mined":{"minecraft:grass":1,"minecraft:grass_block":10,"minecraft:dirt":4,"minecraft:tall_grass":1,"minecraft:powder_snow":9},"minecraft:picked_up":{"minecraft:azure_bluet":1,"minecraft:dirt":14},"minecraft:killed_by":{"minecraft:spider":1},"minecraft:used":{"minecraft:dirt":2,"minecraft:grass_block":26,"minecraft:jungle_planks":25,"minecraft:sculk_shrieker":1}},"DataVersion":3465}