{"stats":{"minecraft:custom":{"minecraft:jump":58,"minecraft:time_since_rest":2024,"minecraft:damage_dealt":102,"minecraft:crouch_one_cm":133,"minecraft:leave_game":3,"minecraft:play_time":2024,"minecraft:sprint_one_cm":10128,"minecraft:damage_taken":150,"minecraft:time_since_death":2024,"minecraft:walk_one_cm":6675,"minecraft:sneak_time":1,"minecraft:total_world_time":2024,"minecraft:fall_one_cm":418,"minecraft:fly_one_cm":16870},"minecraft:used":{"minecraft:sand":2,"minecraft:snowball":2},"minecraft:picked_up":{"minecraft:sand":3,"minecraft:snowball":5,"minecraft:dirt":4},"minecraft:mined":{"minecraft:sand":2}},"DataVersion":3465}