{"stats":{"minecraft:used":{"minecraft:dirt":7},"minecraft:mined":{"minecraft:grass_block":6},"minecraft:custom":{"minecraft:jump":40,"minecraft:time_since_rest":6321,"minecraft:leave_game":1,"minecraft:damage_dealt":194,"minecraft:crouch_one_cm":1116,"minecraft:sprint_one_cm":1025,"minecraft:play_time":6321,"minecraft:damage_taken":127,"minecraft:time_since_death":6321,"minecraft:walk_one_cm":5839,"minecraft:sneak_time":335,"minecraft:total_world_time":6321,"minecraft:player_kills":1,"minecraft:fall_one_cm":693,"minecraft:fly_one_cm":1681},"minecraft:picked_up":{"minecraft:dirt":7}},"DataVersion":3465}