{"stats":{"minecraft:picked_up":{"minecraft:wooden_axe":1,"minecraft:iron_chestplate":1,"minecraft:crafting_table":10,"minecraft:wheat":2,"minecraft:chicken":13,"minecraft:wooden_pickaxe":1,"minecraft:shield":1,"minecraft:oak_trapdoor":1,"minecraft:string":9,"minecraft:blackstone":6,"minecraft:beetroot":1,"minecraft:cherry_boat":2,"minecraft:cobbled_deepslate":196,"minecraft:beef":102,"minecraft:oak_boat":3,"minecraft:lectern":69,"minecraft:sugar_cane":31,"minecraft:egg":1,"minecraft:furnace":16,"minecraft:sandstone":39,"minecraft:stick":19,"minecraft:raw_iron":116,"minecraft:oak_door":3,"minecraft:composter":2,"minecraft:torch":8,"minecraft:acacia_log":2,"minecraft:porkchop":55,"minecraft:cherry_log":111,"minecraft:pointed_dripstone":6,"minecraft:carrot":7,"minecraft:rotten_flesh":17,"minecraft:stone_sword":1,"minecraft:arrow":38,"minecraft:beetroot_seeds":3,"minecraft:nether_bricks":1,"minecraft:blaze_rod":3,"minecraft:obsidian":8,"minecraft:mutton":41,"minecraft:cobblestone":155,"minecraft:white_wool":15,"minecraft:pink_petals":84,"minecraft:feather":25,"minecraft:cooked_beef":1,"minecraft:cherry_planks":1,"minecraft:andesite":14,"minecraft:leather":53,"minecraft:potato":2,"minecraft:flint":3,"minecraft:tuff":26,"minecraft:oak_log":92,"minecraft:yellow_bed":1,"minecraft:gunpowder":1,"minecraft:dirt":42,"minecraft:cooked_mutton":1,"minecraft:bone":29,"minecraft:acacia_planks":4,"minecraft:kelp":46,"minecraft:wheat_seeds":21,"minecraft:raw_gold":8,"minecraft:iron_ingot":1,"minecraft:stone_pickaxe":1,"minecraft:cooked_chicken":1,"minecraft:soul_sand":4,"minecraft:oak_planks":52,"minecraft:book":4,"minecraft:oak_slab":11,"minecraft:smooth_basalt":1,"minecraft:dark_oak_slab":1,"minecraft:cooked_porkchop":9,"minecraft:raw_iron_block":1,"minecraft:gravel":20,"minecraft:dripstone_block":2,"minecraft:sand":2,"minecraft:loom":1,"minecraft:white_bed":6,"minecraft:spider_eye":5,"minecraft:diamond":54,"minecraft:granite":12,"minecraft:cherry_sapling":11,"minecraft:netherrack":430,"minecraft:acacia_slab":3,"minecraft:oak_sapling":1,"minecraft:black_wool":3,"minecraft:coal":118,"minecraft:sunflower":1},"minecraft:custom":{"minecraft:interact_with_anvil":1,"minecraft:mob_kills":183,"minecraft:interact_with_crafting_table":51,"minecraft:leave_game":2,"minecraft:time_since_death":202047,"minecraft:climb_one_cm":4282,"minecraft:sprint_one_cm":612835,"minecraft:walk_one_cm":379261,"minecraft:drop":134,"minecraft:talked_to_villager":150,"minecraft:play_time":220066,"minecraft:deaths":1,"minecraft:sneak_time":29179,"minecraft:walk_under_water_one_cm":15315,"minecraft:boat_one_cm":528473,"minecraft:jump":5377,"minecraft:walk_on_water_one_cm":58461,"minecraft:total_world_time":220066,"minecraft:interact_with_furnace":127,"minecraft:traded_with_villager":30,"minecraft:interact_with_loom":1,"minecraft:sleep_in_bed":7,"minecraft:time_since_rest":2737,"minecraft:damage_taken":4531,"minecraft:damage_dealt":26086,"minecraft:swim_one_cm":41884,"minecraft:fly_one_cm":999654,"minecraft:open_chest":23,"minecraft:crouch_one_cm":104992,"minecraft:fall_one_cm":160109},"minecraft:dropped":{"minecraft:iron_ingot":5,"minecraft:oak_slab":18,"minecraft:porkchop":7,"minecraft:wheat_seeds":20,"minecraft:cooked_beef":8,"minecraft:diamond":24,"minecraft:book":7,"minecraft:dark_oak_slab":1,"minecraft:feather":22,"minecraft:cobblestone":9,"minecraft:coal":6,"minecraft:stick":14,"minecraft:dirt":22,"minecraft:torch":1,"minecraft:wooden_axe":1,"minecraft:cherry_planks":3,"minecraft:sunflower":1,"minecraft:string":9,"minecraft:pink_petals":84,"minecraft:bucket":1,"minecraft:white_wool":2,"minecraft:acacia_planks":2,"minecraft:oak_door":2,"minecraft:cherry_boat":1,"minecraft:kelp":46,"minecraft:blackstone":6,"minecraft:sugar_cane":1,"minecraft:stone_sword":1,"minecraft:cobbled_deepslate":43,"minecraft:tuff":22,"minecraft:wheat":2,"minecraft:pointed_dripstone":4,"minecraft:raw_iron":28,"minecraft:cherry_sapling":10,"minecraft:oak_planks":14,"minecraft:cherry_slab":2,"minecraft:white_bed":1,"minecraft:nether_bricks":1,"minecraft:potato":2,"minecraft:gunpowder":1,"minecraft:iron_chestplate":1,"minecraft:andesite":14,"minecraft:beetroot_seeds":3,"minecraft:acacia_slab":3,"minecraft:oak_boat":1,"minecraft:oak_sapling":1,"minecraft:spider_eye":3,"minecraft:wooden_pickaxe":1,"minecraft:arrow":16,"minecraft:beef":15,"minecraft:netherrack":169},"minecraft:killed":{"minecraft:spider":9,"minecraft:skeleton":20,"minecraft:horse":4,"minecraft:bee":2,"minecraft:chicken":8,"minecraft:pig":23,"minecraft:salmon":1,"minecraft:creeper":3,"minecraft:sheep":15,"minecraft:zombie":36,"minecraft:wither_skeleton":3,"minecraft:blaze":7,"minecraft:enderman":1,"minecraft:cow":49},"minecraft:crafted":{"minecraft:cherry_planks":424,"minecraft:oak_planks":364,"minecraft:cherry_slab":6,"minecraft:cooked_chicken":4,"minecraft:furnace":5,"minecraft:bookshelf":2,"minecraft:oak_trapdoor":2,"minecraft:cooked_mutton":2,"minecraft:flint_and_steel":1,"minecraft:diamond_helmet":1,"minecraft:diamond_leggings":1,"minecraft:stone_pickaxe":1,"minecraft:chest":1,"minecraft:diamond_boots":1,"minecraft:cooked_beef":39,"minecraft:oak_slab":18,"minecraft:emerald":29,"minecraft:cooked_porkchop":20,"minecraft:diamond_axe":1,"minecraft:crafting_table":8,"minecraft:wooden_pickaxe":1,"minecraft:iron_sword":1,"minecraft:fletching_table":1,"minecraft:bucket":1,"minecraft:enchanted_book":1,"minecraft:air":0,"minecraft:oak_boat":4,"minecraft:lectern":2,"minecraft:book":10,"minecraft:iron_chestplate":1,"minecraft:paper":30,"minecraft:diamond_pickaxe":1,"minecraft:stick":1020,"minecraft:iron_ingot":28,"minecraft:iron_pickaxe":1,"minecraft:wooden_axe":1,"minecraft:stone_sword":1,"minecraft:white_bed":3,"minecraft:acacia_planks":8,"minecraft:torch":64,"minecraft:diamond_chestplate":1},"minecraft:used":{"minecraft:oak_trapdoor":1,"minecraft:cherry_boat":1,"minecraft:stone_sword":109,"minecraft:flint_and_steel":11,"minecraft:chest":1,"minecraft:iron_sword":8,"minecraft:cooked_chicken":5,"minecraft:netherrack":204,"minecraft:iron_chestplate":1,"minecraft:oak_door":1,"minecraft:torch":71,"minecraft:dirt":4,"minecraft:mutton":6,"minecraft:carrot":1,"minecraft:raw_iron_block":1,"minecraft:tuff":4,"minecraft:granite":12,"minecraft:obsidian":5,"minecraft:wooden_axe":22,"minecraft:smooth_basalt":1,"minecraft:beef":1,"minecraft:furnace":20,"minecraft:egg":1,"minecraft:cooked_beef":26,"minecraft:acacia_planks":1,"minecraft:cobbled_deepslate":153,"minecraft:cherry_log":5,"minecraft:pointed_dripstone":2,"minecraft:cooked_mutton":3,"minecraft:oak_planks":29,"minecraft:stone_pickaxe":68,"minecraft:wooden_pickaxe":16,"minecraft:cherry_planks":17,"minecraft:sandstone":39,"minecraft:fletching_table":1,"minecraft:diamond_axe":689,"minecraft:white_wool":1,"minecraft:sand":2,"minecraft:oak_slab":2,"minecraft:crafting_table":16,"minecraft:white_bed":8,"minecraft:black_wool":2,"minecraft:diamond_pickaxe":1514,"minecraft:chicken":1,"minecraft:iron_pickaxe":62,"minecraft:lectern":71,"minecraft:gravel":19,"minecraft:cobblestone":88,"minecraft:cooked_porkchop":24,"minecraft:porkchop":2,"minecraft:yellow_bed":1,"minecraft:oak_boat":6,"minecraft:golden_pickaxe":3},"minecraft:mined":{"minecraft:nether_gold_ore":2,"minecraft:tuff":13,"minecraft:white_bed":6,"minecraft:deepslate_diamond_ore":53,"minecraft:oak_door":2,"minecraft:cherry_log":120,"minecraft:cherry_sapling":3,"minecraft:jungle_leaves":3,"minecraft:obsidian":9,"minecraft:glow_lichen":1,"minecraft:nether_bricks":3,"minecraft:granite":12,"minecraft:acacia_log":5,"minecraft:grass_block":13,"minecraft:acacia_slab":3,"minecraft:composter":2,"minecraft:kelp":2,"minecraft:sandstone":11,"minecraft:tall_seagrass":2,"minecraft:magma_block":44,"minecraft:raw_iron_block":1,"minecraft:glowstone":1,"minecraft:furnace":15,"minecraft:fire":28,"minecraft:cobbled_deepslate":1,"minecraft:iron_ore":4,"minecraft:andesite":5,"minecraft:deepslate_iron_ore":73,"minecraft:vine":1,"minecraft:bamboo":2,"minecraft:stone":165,"minecraft:oak_slab":1,"minecraft:cherry_planks":1,"minecraft:blackstone":5,"minecraft:soul_sand":1,"minecraft:medium_amethyst_bud":1,"minecraft:orange_terracotta":1,"minecraft:crafting_table":9,"minecraft:torch":4,"minecraft:short_grass":46,"minecraft:chest":1,"minecraft:lectern":67,"minecraft:cobblestone":5,"minecraft:tall_grass":8,"minecraft:deepslate_gold_ore":8,"minecraft:oak_planks":2,"minecraft:sugar_cane":17,"minecraft:diorite":1,"minecraft:wall_torch":4,"minecraft:pink_petals":19,"minecraft:seagrass":1,"minecraft:dark_oak_slab":1,"minecraft:wheat":3,"minecraft:yellow_bed":2,"minecraft:bee_nest":1,"minecraft:stone_brick_stairs":1,"minecraft:oak_log":93,"minecraft:coal_ore":54,"minecraft:loom":1,"minecraft:cherry_leaves":14,"minecraft:sunflower":1,"minecraft:dripstone_block":2,"minecraft:gravel":23,"minecraft:sand":2,"minecraft:dirt":20,"minecraft:netherrack":902,"minecraft:oak_leaves":15,"minecraft:deepslate":172,"minecraft:fern":2}},"DataVersion":3700}