{"stats":{"minecraft:killed_by":{"minecraft:creeper":1},"minecraft:picked_up":{"minecraft:crafting_table":2,"minecraft:iron_chestplate":1,"minecraft:nether_wart":22,"minecraft:chicken":3,"minecraft:shield":2,"minecraft:oak_trapdoor":2,"minecraft:string":16,"minecraft:cobbled_deepslate":100,"minecraft:bucket":1,"minecraft:beef":7,"minecraft:sugar_cane":12,"minecraft:melon_slice":24,"minecraft:chest":4,"minecraft:egg":3,"minecraft:stick":7,"minecraft:raw_iron":26,"minecraft:sandstone":6,"minecraft:oak_door":2,"minecraft:torch":6,"minecraft:acacia_log":27,"minecraft:cherry_log":20,"minecraft:carrot":2,"minecraft:stone_pressure_plate":2,"minecraft:rotten_flesh":15,"minecraft:arrow":7,"minecraft:beetroot_seeds":3,"minecraft:nether_bricks":6,"minecraft:hay_block":18,"minecraft:blaze_rod":11,"minecraft:mutton":20,"minecraft:obsidian":1,"minecraft:cobblestone":24,"minecraft:white_wool":14,"minecraft:pink_petals":98,"minecraft:feather":4,"minecraft:cooked_beef":8,"minecraft:glow_ink_sac":3,"minecraft:salmon":1,"minecraft:cut_sandstone":18,"minecraft:leather":2,"minecraft:potato":10,"minecraft:tuff":2,"minecraft:oak_log":6,"minecraft:gunpowder":1,"minecraft:dirt":1,"minecraft:bone":6,"minecraft:wheat_seeds":6,"minecraft:raw_gold":6,"minecraft:bell":1,"minecraft:iron_ingot":12,"minecraft:glowstone_dust":101,"minecraft:oak_planks":9,"minecraft:iron_sword":1,"minecraft:cooked_porkchop":2,"minecraft:pumpkin":4,"minecraft:quartz":114,"minecraft:sand":16,"minecraft:white_bed":1,"minecraft:loom":1,"minecraft:spider_eye":2,"minecraft:slime_ball":3,"minecraft:diamond":48,"minecraft:cherry_sapling":8,"minecraft:golden_horse_armor":1,"minecraft:cherry_slab":2,"minecraft:coal":29,"minecraft:melon_seeds":2,"minecraft:acacia_slab":8,"minecraft:netherrack":72},"minecraft:custom":{"minecraft:mob_kills":74,"minecraft:interact_with_crafting_table":22,"minecraft:bell_ring":14,"minecraft:leave_game":5,"minecraft:time_since_death":127744,"minecraft:climb_one_cm":1380,"minecraft:sprint_one_cm":518419,"minecraft:walk_one_cm":459396,"minecraft:damage_blocked_by_shield":565,"minecraft:drop":25,"minecraft:talked_to_villager":59,"minecraft:play_time":175986,"minecraft:deaths":3,"minecraft:sneak_time":8637,"minecraft:walk_under_water_one_cm":5151,"minecraft:boat_one_cm":163201,"minecraft:jump":3949,"minecraft:walk_on_water_one_cm":26596,"minecraft:total_world_time":175986,"minecraft:interact_with_furnace":37,"minecraft:traded_with_villager":2,"minecraft:interact_with_cartography_table":1,"minecraft:sleep_in_bed":2,"minecraft:time_since_rest":2845,"minecraft:damage_taken":4689,"minecraft:damage_dealt":13584,"minecraft:swim_one_cm":29442,"minecraft:fly_one_cm":701913,"minecraft:open_chest":12,"minecraft:crouch_one_cm":30600,"minecraft:fall_one_cm":128526,"minecraft:horse_one_cm":1000},"minecraft:dropped":{"minecraft:wheat_seeds":2,"minecraft:oak_log":1,"minecraft:coal":23,"minecraft:acacia_trapdoor":1,"minecraft:dirt":1,"minecraft:pink_petals":14,"minecraft:bone":2,"minecraft:oak_door":2,"minecraft:raw_iron":12,"minecraft:rotten_flesh":13,"minecraft:oak_planks":1,"minecraft:glowstone_dust":1,"minecraft:cherry_slab":2,"minecraft:potato":12,"minecraft:shield":1,"minecraft:beetroot_seeds":3,"minecraft:melon_seeds":2,"minecraft:acacia_slab":2,"minecraft:spider_eye":2,"minecraft:sandstone":2},"minecraft:killed":{"minecraft:spider":3,"minecraft:slime":8,"minecraft:skeleton":6,"minecraft:horse":1,"minecraft:chicken":3,"minecraft:zombie_villager":1,"minecraft:salmon":1,"minecraft:creeper":1,"minecraft:sheep":11,"minecraft:zombie":12,"minecraft:wither_skeleton":1,"minecraft:cow":1,"minecraft:blaze":25},"minecraft:used":{"minecraft:oak_trapdoor":2,"minecraft:cherry_sapling":6,"minecraft:acacia_log":6,"minecraft:shield":20,"minecraft:bell":1,"minecraft:netherrack":19,"minecraft:torch":69,"minecraft:anvil":1,"minecraft:nether_bricks":6,"minecraft:tuff":2,"minecraft:obsidian":1,"minecraft:wooden_axe":24,"minecraft:acacia_slab":6,"minecraft:beef":3,"minecraft:furnace":1,"minecraft:egg":1,"minecraft:stone_pressure_plate":1,"minecraft:cooked_beef":20,"minecraft:cobbled_deepslate":97,"minecraft:cooked_mutton":13,"minecraft:acacia_trapdoor":1,"minecraft:stone_pickaxe":60,"minecraft:sandstone":2,"minecraft:diamond_axe":332,"minecraft:sugar_cane":8,"minecraft:white_wool":1,"minecraft:salmon":1,"minecraft:sand":16,"minecraft:crafting_table":8,"minecraft:loom":2,"minecraft:white_bed":1,"minecraft:diamond_pickaxe":279,"minecraft:melon_slice":4,"minecraft:bread":20,"minecraft:iron_pickaxe":19,"minecraft:pink_petals":77,"minecraft:cobblestone":13,"minecraft:cooked_porkchop":6},"minecraft:crafted":{"minecraft:cherry_planks":64,"minecraft:oak_planks":20,"minecraft:furnace":1,"minecraft:loom":1,"minecraft:cooked_mutton":20,"minecraft:diamond_helmet":1,"minecraft:diamond_leggings":1,"minecraft:stone_pickaxe":2,"minecraft:diamond_boots":1,"minecraft:wheat":162,"minecraft:cooked_beef":12,"minecraft:emerald":2,"minecraft:cooked_porkchop":4,"minecraft:diamond_axe":1,"minecraft:crafting_table":6,"minecraft:wooden_pickaxe":1,"minecraft:acacia_trapdoor":2,"minecraft:pumpkin_seeds":16,"minecraft:glowstone":25,"minecraft:bread":54,"minecraft:air":0,"minecraft:diamond_pickaxe":2,"minecraft:stick":160,"minecraft:iron_ingot":29,"minecraft:iron_pickaxe":1,"minecraft:wooden_axe":1,"minecraft:iron_block":3,"minecraft:anvil":1,"minecraft:acacia_planks":84,"minecraft:torch":84,"minecraft:diamond_chestplate":1},"minecraft:mined":{"minecraft:tuff":2,"minecraft:stone_pressure_plate":1,"minecraft:white_bed":1,"minecraft:deepslate_diamond_ore":32,"minecraft:cherry_log":19,"minecraft:jungle_leaves":1,"minecraft:obsidian":1,"minecraft:nether_bricks":4,"minecraft:acacia_log":25,"minecraft:grass_block":1,"minecraft:nether_wart":20,"minecraft:sandstone":2,"minecraft:hay_block":18,"minecraft:magma_block":1,"minecraft:glowstone":33,"minecraft:carrots":2,"minecraft:fire":22,"minecraft:pumpkin":4,"minecraft:bell":1,"minecraft:potatoes":1,"minecraft:deepslate_iron_ore":12,"minecraft:vine":1,"minecraft:stone":9,"minecraft:white_wool":1,"minecraft:acacia_leaves":9,"minecraft:dandelion":1,"minecraft:crafting_table":2,"minecraft:torch":2,"minecraft:short_grass":64,"minecraft:melon":5,"minecraft:dead_bush":2,"minecraft:nether_quartz_ore":116,"minecraft:tall_grass":5,"minecraft:cobblestone":1,"minecraft:deepslate_gold_ore":6,"minecraft:sugar_cane":6,"minecraft:wall_torch":2,"minecraft:pink_petals":9,"minecraft:wheat":4,"minecraft:oak_log":5,"minecraft:coal_ore":28,"minecraft:cherry_leaves":8,"minecraft:loom":1,"minecraft:sand":16,"minecraft:dirt":2,"minecraft:netherrack":32,"minecraft:oak_leaves":2,"minecraft:deepslate":72,"minecraft:fern":10}},"DataVersion":3700}