{"stats":{"minecraft:killed_by":{"minecraft:zombie":1,"minecraft:spider":1},"minecraft:custom":{"minecraft:jump":129,"minecraft:leave_game":1,"minecraft:time_since_rest":809,"minecraft:damage_dealt":29,"minecraft:damage_taken":302,"minecraft:sprint_one_cm":14708,"minecraft:play_time":4666,"minecraft:deaths":3,"minecraft:time_since_death":780,"minecraft:walk_one_cm":15410,"minecraft:total_world_time":4666,"minecraft:fall_one_cm":1476,"minecraft:fly_one_cm":45928},"minecraft:used":{"minecraft:sand":2},"minecraft:picked_up":{"minecraft:sand":2},"minecraft:mined":{"minecraft:grass_block":1,"minecraft:ice":1,"minecraft:sand":3}},"DataVersion":3465}