{"stats":{"minecraft:killed":{"minecraft:spider":4,"minecraft:slime":19,"minecraft:skeleton":17,"minecraft:bee":5,"minecraft:chicken":1,"minecraft:drowned":2,"minecraft:pig":1,"minecraft:zombie_villager":1,"minecraft:sheep":17,"minecraft:zombie":19,"minecraft:blaze":4,"minecraft:cow":14},"minecraft:killed_by":{"minecraft:skeleton":1},"minecraft:mined":{"minecraft:nether_gold_ore":2,"minecraft:diamond_ore":2,"minecraft:tuff":18,"minecraft:white_bed":1,"minecraft:deepslate_diamond_ore":50,"minecraft:oak_door":1,"minecraft:sculk_vein":1,"minecraft:cherry_log":93,"minecraft:jungle_leaves":3,"minecraft:obsidian":3,"minecraft:glow_lichen":4,"minecraft:nether_bricks":1,"minecraft:granite":12,"minecraft:budding_amethyst":2,"minecraft:acacia_log":3,"minecraft:grass_block":17,"minecraft:soul_soil":3,"minecraft:spruce_leaves":1,"minecraft:acacia_slab":3,"minecraft:sandstone":3,"minecraft:tall_seagrass":3,"minecraft:hay_block":12,"minecraft:magma_block":73,"minecraft:oak_trapdoor":2,"minecraft:sculk_catalyst":1,"minecraft:glowstone":4,"minecraft:furnace":7,"minecraft:iron_ore":39,"minecraft:fire":8,"minecraft:cobbled_deepslate":7,"minecraft:chiseled_sandstone":1,"minecraft:andesite":7,"minecraft:gold_block":1,"minecraft:nether_brick_fence":2,"minecraft:pointed_dripstone":1,"minecraft:vine":1,"minecraft:deepslate_iron_ore":45,"minecraft:stone":194,"minecraft:cut_sandstone":3,"minecraft:cherry_planks":2,"minecraft:soul_sand":22,"minecraft:blackstone":11,"minecraft:powder_snow":74,"minecraft:crafting_table":7,"minecraft:torch":10,"minecraft:short_grass":55,"minecraft:blast_furnace":2,"minecraft:emerald_ore":3,"minecraft:melon":11,"minecraft:sculk_sensor":2,"minecraft:dead_bush":7,"minecraft:lectern":124,"minecraft:nether_quartz_ore":49,"minecraft:tall_grass":16,"minecraft:cobblestone":3,"minecraft:deepslate_gold_ore":1,"minecraft:oak_planks":3,"minecraft:wall_torch":6,"minecraft:diorite":8,"minecraft:amethyst_block":11,"minecraft:pink_petals":8,"minecraft:seagrass":3,"minecraft:spruce_log":15,"minecraft:bee_nest":1,"minecraft:coal_ore":94,"minecraft:oak_log":38,"minecraft:cherry_leaves":1,"minecraft:gravel":7,"minecraft:dirt":20,"minecraft:smooth_basalt":1,"minecraft:netherrack":906,"minecraft:deepslate":144,"minecraft:oak_leaves":5,"minecraft:fern":5},"minecraft:crafted":{"minecraft:cherry_planks":356,"minecraft:oak_planks":140,"minecraft:cherry_slab":6,"minecraft:cooked_chicken":1,"minecraft:furnace":2,"minecraft:cherry_boat":3,"minecraft:bone_meal":24,"minecraft:bookshelf":1,"minecraft:cooked_mutton":20,"minecraft:diamond_helmet":1,"minecraft:bow":2,"minecraft:diamond_leggings":1,"minecraft:iron_boots":2,"minecraft:iron_axe":1,"minecraft:stone_pickaxe":1,"minecraft:chest":1,"minecraft:diamond_boots":1,"minecraft:spruce_boat":1,"minecraft:wheat":108,"minecraft:cooked_beef":45,"minecraft:diamond_sword":2,"minecraft:emerald":15,"minecraft:cooked_porkchop":3,"minecraft:diamond_axe":1,"minecraft:crafting_table":9,"minecraft:spruce_planks":52,"minecraft:wooden_pickaxe":1,"minecraft:iron_sword":2,"minecraft:bucket":1,"minecraft:cherry_chest_boat":1,"minecraft:stone_axe":1,"minecraft:air":0,"minecraft:bread":36,"minecraft:oak_boat":1,"minecraft:lectern":1,"minecraft:iron_chestplate":2,"minecraft:diamond_pickaxe":2,"minecraft:shield":3,"minecraft:stick":572,"minecraft:iron_ingot":99,"minecraft:iron_pickaxe":2,"minecraft:iron_block":3,"minecraft:iron_leggings":1,"minecraft:gold_ingot":9,"minecraft:acacia_planks":16,"minecraft:torch":172,"minecraft:diamond_chestplate":1},"minecraft:broken":{"minecraft:golden_sword":1},"minecraft:dropped":{"minecraft:iron_ingot":5,"minecraft:iron_sword":1,"minecraft:wheat_seeds":17,"minecraft:cooked_beef":1,"minecraft:cooked_porkchop":2,"minecraft:book":4,"minecraft:granite":1,"minecraft:grass_block":8,"minecraft:stick":7,"minecraft:dirt":11,"minecraft:torch":58,"minecraft:rabbit":1,"minecraft:iron_axe":1,"minecraft:string":7,"minecraft:pink_petals":17,"minecraft:bone":2,"minecraft:sugar_cane":5,"minecraft:cooked_chicken":1,"minecraft:cobbled_deepslate":13,"minecraft:stone_sword":1,"minecraft:tuff":8,"minecraft:pointed_dripstone":5,"minecraft:cherry_sapling":1,"minecraft:rotten_flesh":20,"minecraft:oak_planks":1,"minecraft:iron_boots":1,"minecraft:cherry_slab":2,"minecraft:nether_brick_fence":2,"minecraft:carrot":1,"minecraft:shield":2,"minecraft:gunpowder":6,"minecraft:spruce_planks":4,"minecraft:beetroot_seeds":3,"minecraft:spider_eye":1,"minecraft:stone_pickaxe":1,"minecraft:netherrack":21},"minecraft:custom":{"minecraft:mob_kills":104,"minecraft:interact_with_crafting_table":62,"minecraft:bell_ring":1,"minecraft:leave_game":1,"minecraft:time_since_death":106773,"minecraft:climb_one_cm":1673,"minecraft:sprint_one_cm":580655,"minecraft:walk_one_cm":425424,"minecraft:damage_blocked_by_shield":203,"minecraft:drop":57,"minecraft:talked_to_villager":205,"minecraft:play_time":259361,"minecraft:sneak_time":16917,"minecraft:deaths":4,"minecraft:walk_under_water_one_cm":32198,"minecraft:boat_one_cm":299853,"minecraft:jump":6558,"minecraft:interact_with_blast_furnace":1,"minecraft:walk_on_water_one_cm":55091,"minecraft:total_world_time":259361,"minecraft:interact_with_furnace":103,"minecraft:traded_with_villager":15,"minecraft:interact_with_loom":1,"minecraft:sleep_in_bed":6,"minecraft:time_since_rest":19516,"minecraft:damage_taken":5176,"minecraft:damage_dealt":13243,"minecraft:swim_one_cm":77236,"minecraft:fly_one_cm":1043858,"minecraft:open_chest":26,"minecraft:crouch_one_cm":63172,"minecraft:fall_one_cm":192376,"minecraft:horse_one_cm":2777},"minecraft:picked_up":{"minecraft:crafting_table":9,"minecraft:chicken":6,"minecraft:nether_brick_fence":4,"minecraft:diamond_sword":1,"minecraft:gold_block":1,"minecraft:diamond_horse_armor":1,"minecraft:shield":1,"minecraft:amethyst_block":11,"minecraft:oak_trapdoor":1,"minecraft:string":8,"minecraft:soul_soil":4,"minecraft:iron_axe":2,"minecraft:iron_leggings":1,"minecraft:cherry_boat":4,"minecraft:diamond_leggings":1,"minecraft:cobbled_deepslate":137,"minecraft:spruce_planks":63,"minecraft:beef":53,"minecraft:oak_boat":3,"minecraft:lectern":122,"minecraft:melon_slice":57,"minecraft:sugar_cane":5,"minecraft:furnace":8,"minecraft:iron_boots":1,"minecraft:egg":4,"minecraft:stick":24,"minecraft:raw_iron":97,"minecraft:sandstone":1,"minecraft:oak_door":1,"minecraft:torch":88,"minecraft:acacia_log":4,"minecraft:porkchop":10,"minecraft:cherry_log":89,"minecraft:pointed_dripstone":5,"minecraft:diorite":8,"minecraft:carrot":4,"minecraft:redstone":7,"minecraft:stone_sword":2,"minecraft:arrow":13,"minecraft:rotten_flesh":59,"minecraft:diamond_chestplate":1,"minecraft:beetroot_seeds":3,"minecraft:nether_bricks":4,"minecraft:diamond_boots":1,"minecraft:hay_block":12,"minecraft:blaze_rod":4,"minecraft:obsidian":4,"minecraft:mutton":38,"minecraft:white_wool":33,"minecraft:cobblestone":179,"minecraft:pink_petals":76,"minecraft:feather":6,"minecraft:cooked_beef":20,"minecraft:cherry_planks":2,"minecraft:andesite":15,"minecraft:leather":23,"minecraft:potato":3,"minecraft:tuff":9,"minecraft:oak_log":35,"minecraft:yellow_bed":1,"minecraft:dirt":29,"minecraft:orange_terracotta":1,"minecraft:bone":25,"minecraft:bow":5,"minecraft:wheat_seeds":19,"minecraft:raw_gold":1,"minecraft:rabbit_hide":1,"minecraft:iron_ingot":9,"minecraft:stone_pickaxe":1,"minecraft:rabbit":1,"minecraft:diamond_helmet":1,"minecraft:glowstone_dust":31,"minecraft:iron_sword":1,"minecraft:oak_planks":49,"minecraft:soul_sand":19,"minecraft:book":7,"minecraft:smooth_basalt":1,"minecraft:quartz":68,"minecraft:dripstone_block":6,"minecraft:gravel":9,"minecraft:sand":5,"minecraft:blast_furnace":2,"minecraft:grass_block":8,"minecraft:white_bed":4,"minecraft:spruce_log":13,"minecraft:chiseled_sandstone":1,"minecraft:spider_eye":1,"minecraft:slime_ball":24,"minecraft:diamond":59,"minecraft:granite":12,"minecraft:diamond_axe":1,"minecraft:cherry_sapling":8,"minecraft:bread":26,"minecraft:emerald":7,"minecraft:cherry_slab":2,"minecraft:netherrack":226,"minecraft:coal":249,"minecraft:diamond_pickaxe":2},"minecraft:used":{"minecraft:oak_trapdoor":1,"minecraft:cherry_boat":5,"minecraft:cherry_sapling":7,"minecraft:spruce_planks":17,"minecraft:shield":5,"minecraft:iron_sword":124,"minecraft:oak_door":1,"minecraft:netherrack":124,"minecraft:iron_chestplate":2,"minecraft:torch":173,"minecraft:dirt":17,"minecraft:golden_shovel":13,"minecraft:granite":11,"minecraft:obsidian":4,"minecraft:spruce_boat":1,"minecraft:iron_axe":34,"minecraft:iron_boots":2,"minecraft:smooth_basalt":1,"minecraft:golden_sword":33,"minecraft:bow":8,"minecraft:soul_soil":3,"minecraft:furnace":7,"minecraft:egg":4,"minecraft:potato":3,"minecraft:cooked_beef":39,"minecraft:cobbled_deepslate":98,"minecraft:iron_leggings":1,"minecraft:cooked_mutton":3,"minecraft:water_bucket":1,"minecraft:diorite":8,"minecraft:oak_planks":38,"minecraft:stone_pickaxe":37,"minecraft:wooden_pickaxe":17,"minecraft:cherry_planks":14,"minecraft:diamond_axe":236,"minecraft:crafting_table":16,"minecraft:blast_furnace":1,"minecraft:white_bed":2,"minecraft:dripstone_block":6,"minecraft:diamond_pickaxe":1530,"minecraft:bread":44,"minecraft:iron_pickaxe":160,"minecraft:lectern":123,"minecraft:cherry_chest_boat":1,"minecraft:gravel":9,"minecraft:stone_axe":73,"minecraft:diamond_sword":135,"minecraft:cobblestone":136,"minecraft:cooked_porkchop":1,"minecraft:bucket":2,"minecraft:andesite":8,"minecraft:oak_boat":4,"minecraft:bone_meal":24}},"DataVersion":3700}